date,id,type,posted,link,first_line,views,reach,likes,comments,saved,shares,total_interactions
2026-10-05,18208190884318187,FEED,2026-10-04,https://www.instagram.com/p/DeEPyWTjTqO/,Built for US tax teams. 🇺🇸,0,0,0,0,0,0,0
2026-10-05,18631131643029151,FEED,2026-10-04,https://www.instagram.com/p/DeEPPDCjWSn/,5 spreadsheet mistakes almost every ASC 740 provision has 👀,0,0,0,0,0,0,0
2026-10-05,17950027941293305,FEED,2026-10-04,https://www.instagram.com/p/DeEOXm1DSj5/,Deferred taxes in 60 seconds ⏱️,0,0,0,0,0,0,0
2026-10-06,18208190884318187,FEED,2026-10-04,https://www.instagram.com/p/DeEPyWTjTqO/,Built for US tax teams. 🇺🇸,6,5,0,0,2,0,2
2026-10-06,18631131643029151,FEED,2026-10-04,https://www.instagram.com/p/DeEPPDCjWSn/,5 spreadsheet mistakes almost every ASC 740 provision has 👀,6,4,0,0,0,0,0
2026-10-06,17950027941293305,FEED,2026-10-04,https://www.instagram.com/p/DeEOXm1DSj5/,Deferred taxes in 60 seconds ⏱️,2,2,0,0,0,0,0
2026-10-07,18208190884318187,FEED,2026-10-04,https://www.instagram.com/p/DeEPyWTjTqO/,Built for US tax teams. 🇺🇸,7,6,0,0,2,1,3
2026-10-07,18631131643029151,FEED,2026-10-04,https://www.instagram.com/p/DeEPPDCjWSn/,5 spreadsheet mistakes almost every ASC 740 provision has 👀,10,6,0,0,0,0,0
2026-10-07,17950027941293305,FEED,2026-10-04,https://www.instagram.com/p/DeEOXm1DSj5/,Deferred taxes in 60 seconds ⏱️,4,4,0,0,0,1,1
